crypto,price_horizon_h,sentiment_window_h,lag_h,pearson_corr,pearson_p_value,spearman_corr,spearman_p_value,n_observations
btc,1,1,0,-0.0019784794727684355,0.8531119433492496,-0.0028433348804483725,0.7901744211887785,8760
btc,1,1,1,-0.006874364242137738,0.5200396465340853,-0.010969819797892869,0.30463493744276116,8759
btc,1,1,2,-0.012063183579410794,0.25898088170554934,-0.009757500549186015,0.36122195299827276,8758
btc,1,1,4,-0.011902841181929514,0.2654203767698086,-0.017073125287959654,0.11015865522802522,8756
btc,1,1,6,-0.0050485012168985845,0.6367215678996175,-0.0005391806163091886,0.9597717177353352,8754
btc,1,1,12,0.0009014008483309226,0.9328205670011263,-0.00844661581230964,0.4295748089349207,8748
btc,1,4,0,-0.011386490680251132,0.2866046831509975,-0.0161252165012815,0.13126804142115944,8760
btc,1,4,1,-0.015219047643041038,0.15438201587461398,-0.010886099412350289,0.3083408079410909,8759
btc,1,4,2,-0.016449496546148697,0.12373176612944514,-0.014514311076299686,0.17440414721752176,8758
btc,1,4,4,-0.012081681687810762,0.25830556745944144,-0.014544588130365034,0.1735561363598676,8756
btc,1,4,6,-0.0037223540270399313,0.7276709237857008,-0.005143248965445877,0.6304089662809578,8754
btc,1,4,12,-0.006534437295658685,0.5411400216291382,-0.012726420340604923,0.23397185731955947,8748
btc,1,6,0,-0.01433948223575185,0.1796026535551171,-0.015096784689136875,0.15769674627445004,8760
btc,1,6,1,-0.015203711727913622,0.15479780251936037,-0.00983734889505889,0.3572782472712759,8759
btc,1,6,2,-0.014510656800090942,0.17451266116673658,-0.012173691036682959,0.25464286128819247,8758
btc,1,6,4,-0.00878948323169489,0.41087136904555427,-0.006149364719387376,0.565060785559058,8756
btc,1,6,6,-0.0039494514433948535,0.7117770875388035,-0.001586072306346409,0.8820458117384399,8754
btc,1,6,12,-0.006092239235776189,0.5688570901081652,-0.010600765987137361,0.32149825905582996,8748
btc,1,12,0,-0.010118761399552022,0.3436625937146352,-0.008736049765383029,0.4136151165181673,8760
btc,1,12,1,-0.009680749948125194,0.36498415247315097,-0.009468769202922797,0.3755792477029878,8759
btc,1,12,2,-0.01010156342056751,0.3445385182819613,-0.008940187908378418,0.4028413380835061,8758
btc,1,12,4,-0.008152012369660079,0.44563272667676884,-0.0077249266232123125,0.4698297990075859,8756
btc,1,12,6,-0.005534969479166289,0.604599682242789,-0.006046534325683656,0.5716282332577707,8754
btc,1,12,12,-0.005600721145152935,0.6004393114374462,-0.0070547540872388775,0.5094140724733348,8748
btc,1,24,0,-0.008461339455580042,0.4284544763939024,-0.002117804025750355,0.8428983419097621,8760
btc,1,24,1,-0.009138609610169365,0.39245484842196093,-0.0051260140805514266,0.6314578474822834,8759
btc,1,24,2,-0.008780967716214007,0.41127141753904667,-0.00437449678249195,0.6822995217147445,8758
btc,1,24,4,-0.007843548332490341,0.4630372518760073,-0.005660195818944917,0.5964080452193823,8756
btc,1,24,6,-0.007369425820357389,0.49056207785304096,-0.005669522769996478,0.5958450157183165,8754
btc,1,24,12,-0.010597507862232715,0.32164701726897504,-0.012108010185385569,0.2574869508721766,8748
btc,1,72,0,-0.013588805370533209,0.20347272514942133,-0.014452019874804573,0.17621140792558665,8760
btc,1,72,1,-0.013795000411717202,0.1967228343694427,-0.012487810173924311,0.2425619912701699,8759
btc,1,72,2,-0.013894127295996518,0.1935503315691036,-0.013513866354990856,0.2060285922022932,8758
btc,1,72,4,-0.013436044836904758,0.20870475822409026,-0.011336574270527613,0.2888328199750734,8756
btc,1,72,6,-0.012988528832360046,0.22431994182648246,-0.009912778468355825,0.3537408048262003,8754
btc,1,72,12,-0.0136351240410136,0.2022454239126808,-0.011330357868848796,0.2893177975304,8748
btc,1,168,0,-0.014297704424520243,0.18087386873244135,-0.011807034034807788,0.2691775076853646,8760
btc,1,168,1,-0.0142096239919258,0.1836008689124902,-0.01170164166133289,0.27350247600757044,8759
btc,1,168,2,-0.014139441897667677,0.18580031834421085,-0.011864872529438724,0.266893452270665,8758
btc,1,168,4,-0.014081014014368754,0.1876754460358673,-0.01309451252978814,0.22050855228604516,8756
btc,1,168,6,-0.013907838854819544,0.1932127183379128,-0.014551964643057068,0.17338719012141446,8754
btc,1,168,12,-0.014765760656768963,0.16730033139115139,-0.018530647430720488,0.08308032066992418,8748
btc,4,1,0,-0.014518311894028134,0.17431000172425293,-0.013601675992206044,0.20312228781277425,8757
btc,4,1,1,-0.019570085155240318,0.06707736962521056,-0.0230714233912181,0.030861576194294783,8756
btc,4,1,2,-0.021889361555695937,0.0405501878154095,-0.019946180397695624,0.062006886072794226,8755
btc,4,1,4,-0.0161857500192358,0.1299800112270489,-0.02038369980705376,0.05652406933261768,8753
btc,4,1,6,-0.0044984339237933236,0.6739332476724031,-0.010035315041329337,0.3479048560978447,8751
btc,4,1,12,-0.00871232232807032,0.41528456528562213,-0.016589489421616196,0.12084269910123445,8745
btc,4,4,0,-0.028601629800350102,0.007435718468944692,-0.027639301297955193,0.009693401942852179,8757
btc,4,4,1,-0.029241275957171516,0.006211490454602073,-0.02598076415391316,0.015049972285029684,8756
btc,4,4,2,-0.02595625760503384,0.015151327850803344,-0.02720301030015901,0.010913914360432453,8755
btc,4,4,4,-0.013501127473040917,0.20658613351430755,-0.014726213852200624,0.16831902931114887,8753
btc,4,4,6,-0.004181456489209425,0.6957176874795085,0.0018939518309623131,0.8593921832017987,8751
btc,4,4,12,-0.012064565537137403,0.25928019776579087,-0.011677536554803662,0.2748759559111807,8745
btc,4,6,0,-0.028259268736041097,0.00817826283787019,-0.02594800479665137,0.015172028450760643,8757
btc,4,6,1,-0.02545966855822742,0.01720037452001807,-0.02023114960594051,0.0583548186783777,8756
btc,4,6,2,-0.020910873732331234,0.05040316934886411,-0.01567350872573938,0.142533358643165,8755
btc,4,6,4,-0.010593746397439685,0.3216805236182068,-0.0020462050758062104,0.848203894406641,8753
btc,4,6,6,-0.007333497828238101,0.4927532593968573,8.351356682307135e-05,0.9937675403318851,8751
btc,4,6,12,-0.014290507426064459,0.1814676462116627,-0.01922624818912559,0.07220140390234586,8745
btc,4,12,0,-0.019709684272509388,0.06513574499350916,-0.014375870642555006,0.17857524440371741,8757
btc,4,12,1,-0.01879929203738754,0.07857413714875346,-0.013452427326299256,0.20815029320440567,8756
btc,4,12,2,-0.017253086941241245,0.1064777244468882,-0.010965723391541851,0.30492605755406205,8755
btc,4,12,4,-0.013018126709523471,0.2232921384832018,-0.006143048541860817,0.5655270730606325,8753
btc,4,12,6,-0.011916849066279062,0.2649947834319945,-0.006873274366526442,0.5202964990486834,8751
btc,4,12,12,-0.011968166462531172,0.26310616456831326,-0.012927905427574271,0.2267293344888997,8745
btc,4,24,0,-0.01705527675301879,0.11051082904140017,-0.005185016598987095,0.6275757243049341,8757
btc,4,24,1,-0.016760899031558227,0.11681994631270756,-0.0062512835741320594,0.5586306347189625,8756
btc,4,24,2,-0.015764666819435964,0.14022548904359206,-0.0056145486987545816,0.5993940478497332,8755
btc,4,24,4,-0.014604470294928501,0.17186521742403627,-0.005065487217248854,0.6356072191003672,8753
btc,4,24,6,-0.014920572946914182,0.16281996403961255,-0.004133696788698779,0.6990224185164812,8751
btc,4,24,12,-0.022215957337702957,0.03775745570521401,-0.016297522805796008,0.12752335694505187,8745
btc,4,72,0,-0.027426004889893864,0.010269798511094642,-0.023284498826000317,0.029337551239702907,8757
btc,4,72,1,-0.02733303294091314,0.010534869550905167,-0.02177056479133422,0.041640169667718066,8756
btc,4,72,2,-0.02709823659750349,0.011224345964691436,-0.019924017126945037,0.06229749772311778,8755
btc,4,72,4,-0.026290920100282403,0.013901995997625411,-0.01568049670945036,0.14240101746545436,8753
btc,4,72,6,-0.025738029778707823,0.016050522274965145,-0.014988316438981974,0.16091907202024117,8751
btc,4,72,12,-0.027596425323115403,0.009857334368504712,-0.022376607343899273,0.03639339354493799,8745
btc,4,168,0,-0.028339556805783928,0.00799840773401848,-0.014298790308383474,0.1809154603489711,8757
btc,4,168,1,-0.028223273462220956,0.008263744100607212,-0.01444411179228566,0.17654696191294705,8756
btc,4,168,2,-0.02806225758178907,0.008642632266201534,-0.015585072286695737,0.14480007766768105,8755
btc,4,168,4,-0.027796282707362015,0.009303894748046649,-0.018479095788034507,0.08385239476466934,8753
btc,4,168,6,-0.02780696394293023,0.009284864229909692,-0.017514996549921693,0.10134596496605826,8751
btc,4,168,12,-0.02953535389054604,0.005741371442732354,-0.027845078624941635,0.00921274440992019,8745
btc,6,1,0,-0.021027695296199782,0.04913028632613096,-0.02096034221179729,0.04986082911848748,8755
btc,6,1,1,-0.022293034390354245,0.037000337508079045,-0.021906219753903812,0.04040731073345903,8754
btc,6,1,2,-0.021964486160290807,0.039889038523527244,-0.023378016167585707,0.02872978447372961,8753
btc,6,1,4,-0.013169196593193275,0.21801881090087624,-0.018942627698985585,0.07640656662165209,8751
btc,6,1,6,-0.005568782637701143,0.6024979080675001,-0.007355571740234946,0.49150164018862674,8749
btc,6,1,12,-0.009308568454213224,0.38414582831564714,-0.014450146662954471,0.17668774180503183,8743
btc,6,4,0,-0.0319878891826907,0.002759001646989013,-0.03539572706811242,0.0009247341187425187,8755
btc,6,4,1,-0.028948109815541384,0.006755809169582853,-0.029916481484176395,0.005121401298621675,8754
btc,6,4,2,-0.023855731059011002,0.025622851392201433,-0.025079000378965693,0.018957699571799866,8753
btc,6,4,4,-0.011923990446420292,0.26470851478901647,-0.011650428010431303,0.27582711065387516,8751
btc,6,4,6,-0.008448074012770807,0.4294687876759287,-0.009453596751357698,0.3766174688607751,8749
btc,6,4,12,-0.016265713582439723,0.1283118936823311,-0.0231907267904109,0.030127694311917096,8743
btc,6,6,0,-0.02931071412727446,0.006092758149213315,-0.025423504916161972,0.017365548828128217,8755
btc,6,6,1,-0.024994608943895547,0.019356284993979622,-0.01845472673266716,0.08424373123501519,8754
btc,6,6,2,-0.019634073239057536,0.06623515828735524,-0.014852461961174103,0.16469992784861456,8753
btc,6,6,4,-0.012315695155237883,0.24933227971302144,-0.002408413594955188,0.8217711977214364,8751
btc,6,6,6,-0.01063490442828739,0.3199146150526873,-0.00643514116549289,0.5472818674046425,8749
btc,6,6,12,-0.01505973986540601,0.15912379241987712,-0.024158695501119525,0.02388701792365103,8743
btc,6,12,0,-0.022111073984111475,0.03856017057177082,-0.016378150505203817,0.12543428500533188,8755
btc,6,12,1,-0.020283620042497955,0.05773340330324021,-0.014265807158764163,0.1819986682473034,8754
btc,6,12,2,-0.018741598812610113,0.07954707546600996,-0.012744087825090927,0.23318960431359267,8753
btc,6,12,4,-0.015748880402248682,0.1407138441306566,-0.009016309065203414,0.3990364549976494,8751
btc,6,12,6,-0.014175620956494425,0.18490287046344267,-0.010752734106790023,0.31458200903352235,8749
btc,6,12,12,-0.015093516446055952,0.1581906878989096,-0.015283850275541895,0.15300986072427333,8743
btc,6,24,0,-0.02002402147742119,0.060995083877799505,-0.0058397570137442255,0.5848309126511013,8755
btc,6,24,1,-0.01956684685548828,0.06715383891391116,-0.006256630770446899,0.5583392183882918,8754
btc,6,24,2,-0.01882215759316748,0.07826245641709755,-0.006731372622168154,0.528899143518746,8753
btc,6,24,4,-0.01822314454025054,0.08826634472575273,-0.004429780198786229,0.67862914412624,8751
btc,6,24,6,-0.02005564309254807,0.06067628668192256,-0.007356266710676231,0.49146070759177884,8749
btc,6,24,12,-0.028743070217860704,0.007193235770267511,-0.020684243051720227,0.053114353132689564,8743
btc,6,72,0,-0.03344430245517078,0.0017495489776413137,-0.024545487935231217,0.02163622454020041,8755
btc,6,72,1,-0.033179908124187765,0.0019039675663400479,-0.02298823567521312,0.03149032639766388,8754
btc,6,72,2,-0.032801488205182056,0.0021462439444716527,-0.02194759450723384,0.04004199417192955,8753
btc,6,72,4,-0.03208868030036722,0.0026809153526553184,-0.018543308104150346,0.0828173360653227,8751
btc,6,72,6,-0.03206916017100596,0.0027000904589650366,-0.01959401768544347,0.06685287516855781,8749
btc,6,72,12,-0.034280694099544796,0.0013465655549875007,-0.027772097443323235,0.009406052540726085,8743
btc,6,168,0,-0.034708479456040706,0.0011616890433384503,-0.017170737966523922,0.10815897354394044,8755
btc,6,168,1,-0.034538781996574106,0.0012290624463925028,-0.018060634801916647,0.09108530649815315,8754
btc,6,168,2,-0.034390165205911184,0.0012911072937195635,-0.018665914330823232,0.0807695322256104,8753
btc,6,168,4,-0.034274577402253543,0.0013423873204526965,-0.019953552629830455,0.061970080059764815,8751
btc,6,168,6,-0.03469385265606133,0.0011718666278786609,-0.022437915674608847,0.03584166072559442,8749
btc,6,168,12,-0.03666635830693146,0.0006055543139129124,-0.03216399905559566,0.0026313668392374595,8743
btc,12,1,0,-0.018957891894800898,0.07620335119600298,-0.018249788226451753,0.08783839944686145,8749
btc,12,1,1,-0.018006125518764238,0.09217738582101319,-0.02100967805989188,0.04941575639836804,8748
btc,12,1,2,-0.019040930977965234,0.0749586035156634,-0.02144283508394075,0.04492098343768636,8747
btc,12,1,4,-0.015139921736956368,0.156868028885388,-0.021830580870577074,0.04120793051472894,8745
btc,12,1,6,-0.010224458453827225,0.3391145930271817,-0.01267575943549314,0.23597297498666064,8743
btc,12,1,12,-0.01005174112676352,0.34750239422351886,-0.018432545979690886,0.0849201189375426,8737
btc,12,4,0,-0.02854910179214239,0.0075730684772771445,-0.0293332171883411,0.0060711664861717194,8749
btc,12,4,1,-0.027091705190678404,0.011276541430681115,-0.0275862499412464,0.009871886865504257,8748
btc,12,4,2,-0.02475757546909959,0.020586346946148176,-0.0251395073563789,0.018712069224742528,8747
btc,12,4,4,-0.018642612948727304,0.08128808363499025,-0.019605925303116955,0.06674958230241852,8745
btc,12,4,6,-0.01739442820530161,0.10387750026188197,-0.01997545765963729,0.0618032455281642,8743
btc,12,4,12,-0.017013264883063282,0.11180097643373506,-0.027731369662585104,0.00953554411768014,8737
btc,12,6,0,-0.028215075293859936,0.00830832800104675,-0.019944232198505524,0.06212193120004664,8749
btc,12,6,1,-0.02575764682902937,0.015988091423364558,-0.01673171425844395,0.11762615827103623,8748
btc,12,6,2,-0.023758015607699853,0.02628506947867188,-0.01587107478700052,0.13774793544319464,8747
btc,12,6,4,-0.020105211388594477,0.060100697304847094,-0.014203659731827585,0.1841357704746468,8745
btc,12,6,6,-0.018013066096327916,0.09214500677532139,-0.016622855035837193,0.12013940005637937,8743
btc,12,6,12,-0.01894735670422552,0.07656878553491861,-0.02776619415942367,0.009445655401144375,8737
btc,12,12,0,-0.02551841751749374,0.016989236086029424,-0.013636603363865596,0.20217067160564312,8749
btc,12,12,1,-0.0241485580161282,0.023905838958769368,-0.013408373243337622,0.20985208271540892,8748
btc,12,12,2,-0.02339729781837218,0.02865297111698219,-0.01371878421785198,0.19951598895606057,8747
btc,12,12,4,-0.020841465948479,0.051305385867872214,-0.01163475271295718,0.2766384824536608,8745
btc,12,12,6,-0.02031344625143222,0.057523324871523486,-0.01227686390093605,0.2510448892106548,8743
btc,12,12,12,-0.02682136062801105,0.012171373590001094,-0.019890404502844267,0.0630112353467631,8737
btc,12,24,0,-0.02805460364409877,0.008683760674501453,-0.00263921920672476,0.8050418036649938,8749
btc,12,24,1,-0.028653132492540596,0.007359663841417033,-0.005105426120474511,0.6330423034835755,8748
btc,12,24,2,-0.02920631983166437,0.0063003705976853895,-0.006598366228286982,0.537212731129268,8747
btc,12,24,4,-0.030956521060108873,0.0037895333742401127,-0.008224781859691499,0.44186890829383807,8745
btc,12,24,6,-0.034200800611739496,0.0013819705471807269,-0.011948793667977343,0.2639343590016285,8743
btc,12,24,12,-0.04510180799531947,2.472499683614161e-05,-0.0236436720248976,0.02710431911129411,8737
btc,12,72,0,-0.0463571244329545,1.4393139436461983e-05,-0.020693260383215315,0.052929297241739066,8749
btc,12,72,1,-0.04635704933802363,1.4409843966900832e-05,-0.02032055949073207,0.05736469463960208,8748
btc,12,72,2,-0.04643262979382859,1.3968698181815658e-05,-0.020158680600154858,0.05939329605348852,8747
btc,12,72,4,-0.04645792339706984,1.3850074914687829e-05,-0.0200078604183849,0.06135215522908493,8745
btc,12,72,6,-0.046935443208281004,1.1311932520595372e-05,-0.022031546819187682,0.039399166640425996,8743
btc,12,72,12,-0.050118557817255584,2.773025708227477e-06,-0.03368944087102732,0.001635724202433816,8737
btc,12,168,0,-0.0492353649766865,4.076965327976034e-06,-0.020596445393201532,0.05404945408227977,8749
btc,12,168,1,-0.04937295780011405,3.836528381148753e-06,-0.023072514684283837,0.030930294849203795,8748
btc,12,168,2,-0.049563439464951134,3.5243018357051057e-06,-0.02494575462167985,0.01964335798477257,8747
btc,12,168,4,-0.0499559912074971,2.955762507742601e-06,-0.028700393025996303,0.007273013921019538,8745
btc,12,168,6,-0.0506639329018425,2.1409048821648117e-06,-0.03186296493452577,0.0028858211527867886,8743
btc,12,168,12,-0.053040082475221566,7.029721041092904e-07,-0.039143547719673134,0.0002525091197657298,8737
btc,24,1,0,-0.019231234594533964,0.0722579501514472,-0.022893605682359538,0.03236417831084403,8737
btc,24,1,1,-0.019887074991238842,0.0630704485878403,-0.022983794087835054,0.03169844407323568,8736
btc,24,1,2,-0.018630368491411912,0.08166273677350447,-0.022445014193643396,0.03593143596698116,8735
btc,24,1,4,-0.016570154845784557,0.12153221709577904,-0.02388778751526547,0.025593479425500176,8733
btc,24,1,6,-0.015520409529838406,0.14702952823399298,-0.024779259339309183,0.020591406077004982,8731
btc,24,1,12,-0.024790671383400225,0.020576627720286875,-0.038672031273026854,0.00030255824637893096,8725
btc,24,4,0,-0.029490383362054784,0.0058382910756541945,-0.03379077214191286,0.0015834489630984696,8737
btc,24,4,1,-0.02852481414782159,0.007669633977355229,-0.03259214625503402,0.002314072986805259,8736
btc,24,4,2,-0.026722206752016288,0.012504472760124553,-0.03238583135620388,0.002468467508782088,8735
btc,24,4,4,-0.024805087806700342,0.020445342063240016,-0.03385710440488236,0.0015539327096806754,8733
btc,24,4,6,-0.02588585171099001,0.01557058788583516,-0.035468158546225086,0.0009173932397656136,8731
btc,24,4,12,-0.04099938491352309,0.0001277685696346231,-0.05539826999784127,2.2444516168250394e-07,8725
btc,24,6,0,-0.030339063038379334,0.0045668493390448985,-0.027417330094413713,0.010381223255182025,8737
btc,24,6,1,-0.02938687238383974,0.006016324070354101,-0.026972214825440436,0.011698915520031366,8736
btc,24,6,2,-0.028274654683691253,0.008223963885580285,-0.027082382897338945,0.011365531538999957,8735
btc,24,6,4,-0.027793177359642186,0.009392785738057557,-0.028292511626335996,0.008190826945141491,8733
btc,24,6,6,-0.03125347424321094,0.0034934202505195093,-0.034217970795988505,0.0013848046195097281,8731
btc,24,6,12,-0.04765594519022845,8.455061374543705e-06,-0.05776522704043371,6.684435638118876e-08,8725
btc,24,12,0,-0.03406824945833156,0.0014480726452228948,-0.018411632422813472,0.08527436764161074,8737
btc,24,12,1,-0.035034166327847976,0.0010563947428491943,-0.020350320052449515,0.0571712311709915,8736
btc,24,12,2,-0.035915762645730515,0.0007869804506582099,-0.021734743982975643,0.04222406942660565,8735
btc,24,12,4,-0.03879843801710114,0.00028719912184621457,-0.025937358116152883,0.015353968847992165,8733
btc,24,12,6,-0.04373622848333874,4.3496512333530775e-05,-0.03167080304735598,0.0030800590308798282,8731
btc,24,12,12,-0.059097209707704546,3.310425391795245e-08,-0.04330241501991877,5.207852600929477e-05,8725
btc,24,24,0,-0.04986760507726175,3.1094376192168815e-06,-0.010407486691890627,0.3307049482186939,8737
btc,24,24,1,-0.05150904384367168,1.4581861338328757e-06,-0.01240349110401944,0.24637854968963496,8736
btc,24,24,2,-0.053067831486760565,6.956599114801034e-07,-0.014269969507564213,0.1823461929693044,8735
btc,24,24,4,-0.056932165134276534,1.0156735997452725e-07,-0.019189578597011973,0.07294342249049468,8733
btc,24,24,6,-0.06085888903462708,1.2621993873880181e-08,-0.022695037382185698,0.03395634638703642,8731
btc,24,24,12,-0.07055429001141461,4.178868339707418e-11,-0.037502826477789346,0.0004586978025400146,8725
btc,24,72,0,-0.06747014735705784,2.7393245789913485e-10,-0.031238534873623547,0.0034978356260313708,8737
btc,24,72,1,-0.06781768247973649,2.2230302680123172e-10,-0.03221211007667995,0.0026029796209785807,8736
btc,24,72,2,-0.06814339133421284,1.8264779471511748e-10,-0.032957637989290876,0.0020654434427902855,8735
btc,24,72,4,-0.0689163084843596,1.140792095944096e-10,-0.03490119351867787,0.0011060510350631935,8733
btc,24,72,6,-0.07006121104051544,5.6157445414351896e-11,-0.04002289018780134,0.00018351216082174797,8731
btc,24,72,12,-0.07416947325125975,4.017539539678662e-12,-0.05957200367135339,2.567459251667777e-08,8725
btc,24,168,0,-0.0719425602322424,1.6691960588370355e-11,-0.04481121783116463,2.78836411841503e-05,8737
btc,24,168,1,-0.07232802578600574,1.3043904048819036e-11,-0.04689239875864462,1.1616894261167624e-05,8736
btc,24,168,2,-0.07271050413946616,1.0200370728231734e-11,-0.04881652883852901,5.006365988170513e-06,8735
btc,24,168,4,-0.07355928739721353,5.881329264902088e-12,-0.05299259837905554,7.234568437512503e-07,8733
btc,24,168,6,-0.07449993595115381,3.170515153307468e-12,-0.05664542334820029,1.1808661261197565e-07,8731
btc,24,168,12,-0.07691412369123886,6.291985017076249e-13,-0.06779735354789469,2.309875862269202e-10,8725
btc,72,1,0,-0.03971602173507564,0.00021302323372285502,-0.05671504869474578,1.2219618504623341e-07,8689
btc,72,1,1,-0.039839607093418036,0.0002037123524140983,-0.056386971044839834,1.4466286208480508e-07,8688
btc,72,1,2,-0.041507998912689276,0.0001089131851101327,-0.058878619169598065,3.980785758983086e-08,8687
btc,72,1,4,-0.039229440844603614,0.00025537925602935296,-0.05848129231278582,4.926282406214446e-08,8685
btc,72,1,6,-0.03804991020842422,0.0003905864545073062,-0.05771772620778569,7.366229274665037e-08,8683
btc,72,1,12,-0.03999501542073432,0.00019415204411565317,-0.05987994533354227,2.3770374046415795e-08,8677
btc,72,4,0,-0.06602126610423237,7.274711627769906e-10,-0.082113345787459,1.7740691500893048e-14,8689
btc,72,4,1,-0.06586889006286487,7.97655954218987e-10,-0.08113603934702299,3.6177624162204925e-14,8688
btc,72,4,2,-0.06549840203355017,9.938087379693587e-10,-0.08101379654856308,3.964254986823434e-14,8687
btc,72,4,4,-0.06309513676302286,3.9789848101763445e-09,-0.079813576196859,9.411545125295785e-14,8685
btc,72,4,6,-0.06105138243832377,1.2451987921985039e-08,-0.07550141266714365,1.8617903770721647e-12,8683
btc,72,4,12,-0.067029813809862,4.1049190672394134e-10,-0.08322237147560214,8.193346230944014e-15,8677
btc,72,6,0,-0.07240460525211317,1.4080070331026104e-11,-0.07825659619738091,2.776217646271326e-13,8689
btc,72,6,1,-0.07188456468693133,1.972626396682625e-11,-0.07701591623674978,6.562440186560902e-13,8688
btc,72,6,2,-0.0712301127224492,3.002979837046978e-11,-0.07629322790084561,1.077741386798566e-12,8687
btc,72,6,4,-0.06898683261145239,1.2277893966282903e-10,-0.07319699935773645,8.51197127170653e-12,8685
btc,72,6,6,-0.06891079541814253,1.292889942554377e-10,-0.07233798131659083,1.4936709723392913e-11,8683
btc,72,6,12,-0.07501884182007598,2.617062374949526e-12,-0.08284383802993313,1.0829731803266846e-14,8677
btc,72,12,0,-0.07995922531469526,8.376623192974809e-14,-0.07410637947053349,4.63497346020903e-12,8689
btc,72,12,1,-0.08018390086611729,7.161531408354725e-14,-0.07319818781165818,8.435710535440538e-12,8688
btc,72,12,2,-0.08054854895181122,5.5369536020212955e-14,-0.0731374774950122,8.800421543879157e-12,8687
btc,72,12,4,-0.08073081126666232,4.8911346163349453e-14,-0.07427615052271827,4.189964510471595e-12,8685
btc,72,12,6,-0.08180602069794712,2.2652288253571233e-14,-0.07619620391849628,1.1648416428865247e-12,8683
btc,72,12,12,-0.08709655343349734,4.387449365445097e-16,-0.09230613725706895,6.962834203840285e-18,8677
btc,72,24,0,-0.09099661883419735,1.918121217467824e-17,-0.07848868626560224,2.36136794947042e-13,8689
btc,72,24,1,-0.09146151462437979,1.3219572705059413e-17,-0.0801089277994477,7.554613762661189e-14,8688
btc,72,24,2,-0.09173212429156752,1.0654476039803882e-17,-0.08155625262728555,2.6787744601430887e-14,8687
btc,72,24,4,-0.09248901171335085,5.7892293170534396e-18,-0.08529057653546647,1.6944357001640418e-15,8685
btc,72,24,6,-0.09386937926056627,1.8662183431798377e-18,-0.09044438305966952,3.068148742412317e-17,8683
btc,72,24,12,-0.09906210001479344,2.2638452989952387e-20,-0.1137477312133803,2.19303949589564e-26,8677
btc,72,72,0,-0.10747424412796923,9.581091232748119e-24,-0.139278758397474,6.821538537829683e-39,8689
btc,72,72,1,-0.10760443049376682,8.511695863591078e-24,-0.14063880121761818,1.2635376839898684e-39,8688
btc,72,72,2,-0.1077277601473497,7.61044348337861e-24,-0.14230959175137006,1.5527582927112512e-40,8687
btc,72,72,4,-0.10796143181622733,6.1582543567637544e-24,-0.14577955704971862,1.8403451502088838e-42,8685
btc,72,72,6,-0.10837250879537871,4.201037711330337e-24,-0.1498383505560369,8.915765311452048e-45,8683
btc,72,72,12,-0.11054715070287618,5.28139539841787e-25,-0.16405004911235516,2.1135959408535807e-53,8677
btc,72,168,0,-0.11025501412663333,6.52712097567222e-25,-0.16120413258146965,1.1342532687482369e-51,8689
btc,72,168,1,-0.11034849462242566,5.993291040464312e-25,-0.16292392770254852,9.465073882982043e-53,8688
btc,72,168,2,-0.11042504061504076,5.5948777713636935e-25,-0.16451333387589911,9.317172260553288e-54,8687
btc,72,168,4,-0.11058137755234301,4.859737540905259e-25,-0.16759829076916505,9.698075384320873e-56,8685
btc,72,168,6,-0.11079094483173588,4.0055386398825577e-25,-0.1702822282505861,1.7083417464255766e-57,8683
btc,72,168,12,-0.11151415155070307,2.0392959343743135e-25,-0.17864413888702166,3.815403048496754e-63,8677
btc,168,1,0,-0.04016990920801391,0.00019558692822042937,-0.05939173275784107,3.596838437424142e-08,8593
btc,168,1,1,-0.03823278418753047,0.00039307006353809246,-0.05744107897863272,9.929309340296565e-08,8592
btc,168,1,2,-0.038555414116711886,0.000351005667662317,-0.05978209188238413,2.9359334391896845e-08,8591
btc,168,1,4,-0.03733919201264683,0.0005378085873465215,-0.0573766114243211,1.0314522780671402e-07,8589
btc,168,1,6,-0.03608665385554843,0.0008239811726561692,-0.056984740220716604,1.2634022229873191e-07,8587
btc,168,1,12,-0.039827110503672145,0.00022402611123140874,-0.060519177132107894,2.0181221832652784e-08,8581
btc,168,4,0,-0.06572342708295852,1.072920855404838e-09,-0.0716480357365825,2.9460847301464926e-11,8593
btc,168,4,1,-0.0645644016606192,2.0977628855514577e-09,-0.07058829269027857,5.7435813287549757e-11,8592
btc,168,4,2,-0.06344572336151214,3.96350689357085e-09,-0.07024373997525678,7.133112469516267e-11,8591
btc,168,4,4,-0.06220348909780827,7.947299364177259e-09,-0.06902642322114895,1.5149735393318392e-10,8589
btc,168,4,6,-0.062296697125329425,7.57910495366524e-09,-0.06733906022877566,4.2048360467108855e-10,8587
btc,168,4,12,-0.06736843805112727,4.1901419965961097e-10,-0.07239838781573125,1.888875375161904e-11,8581
btc,168,6,0,-0.07258838670019468,1.6198090314583316e-11,-0.0764569499139632,1.2768063123075452e-12,8593
btc,168,6,1,-0.07147745840234254,3.2896783742933264e-11,-0.07549802295682817,2.4326487106783833e-12,8592
btc,168,6,2,-0.07095046921105691,4.592754776128061e-11,-0.07494636949705233,3.5162536661221982e-12,8591
btc,168,6,4,-0.0702143746646835,7.300937001816212e-11,-0.07388307096389078,7.100138818803142e-12,8589
btc,168,6,6,-0.07225258511714397,2.0397390718489094e-11,-0.07495120524795164,3.5455550232798004e-12,8587
btc,168,6,12,-0.07737211666740834,7.126790538199261e-13,-0.0816670581781379,3.545190417749219e-14,8581
btc,168,12,0,-0.08521204032279622,2.5274294479000805e-15,-0.10264874160887709,1.4393905195488995e-21,8593
btc,168,12,1,-0.08550284043425715,2.03971845830282e-15,-0.10335970845035901,7.610932938277627e-22,8592
btc,168,12,2,-0.0859876009346818,1.4210502080657082e-15,-0.10399750813450429,4.283878139588133e-22,8591
btc,168,12,4,-0.08712600404333566,6.026842069554443e-16,-0.10509095680501158,1.5890562042470655e-22,8589
btc,168,12,6,-0.08923977812536735,1.1827930558635617e-16,-0.10673146226170506,3.5015755528041697e-23,8587
btc,168,12,12,-0.09455920447027194,1.667555772353762e-18,-0.11160378111121833,3.4248609182836665e-25,8581
btc,168,24,0,-0.10400459576058887,4.2097432421143086e-22,-0.13105463645500534,3.129683568929842e-34,8593
btc,168,24,1,-0.10469483360999776,2.2499337741734743e-22,-0.1322927215424483,7.522347732505774e-35,8592
btc,168,24,2,-0.10549379164840213,1.0830496518583908e-22,-0.13325794349941472,2.4573591220018146e-35,8591
btc,168,24,4,-0.10725013277868461,2.1272965187493354e-23,-0.13537287067883005,2.0545395948462193e-36,8589
btc,168,24,6,-0.10920280012021137,3.372469722257378e-24,-0.13683451987015743,3.6347495219516237e-37,8587
btc,168,24,12,-0.11297261154893729,8.901411570270154e-26,-0.13987859614107467,9.462086948207343e-39,8581
btc,168,72,0,-0.13921709453312758,1.8944669409164243e-38,-0.1935970614278119,2.4193426353594036e-73,8593
btc,168,72,1,-0.13977011766323127,9.695261485559977e-39,-0.19339245091286353,3.514932241382395e-73,8592
btc,168,72,2,-0.14043291981374778,4.320380105985992e-39,-0.19342514505805397,3.385655069748542e-73,8591
btc,168,72,4,-0.14200568234056923,6.2272211350467396e-40,-0.19358733151317511,2.6564280065588785e-73,8589
btc,168,72,6,-0.1436143333066976,8.394328466505141e-41,-0.1944717408663638,5.944805484898512e-74,8587
btc,168,72,12,-0.1487059147416903,1.2678759340165907e-43,-0.1960653952249331,4.1266268610228996e-75,8581
btc,168,168,0,-0.16445096041693338,3.725510138517054e-53,-0.22958040140554242,3.6406757581651217e-103,8593
btc,168,168,1,-0.16475782467550448,2.4136652721781975e-53,-0.23098781136659013,1.9656756143976054e-104,8592
btc,168,168,2,-0.16513201478577402,1.415905080173968e-53,-0.23255123546197765,7.484469097744673e-106,8591
btc,168,168,4,-0.1660021649246589,4.058943425191452e-54,-0.23577516293932121,8.198500615523795e-109,8589
btc,168,168,6,-0.16683416840244092,1.2232137503866526e-54,-0.2386577829020721,1.7054207950542117e-111,8587
btc,168,168,12,-0.16786098476826689,2.9047977410396762e-55,-0.2462357119421308,1.0520244312559997e-118,8581
eth,1,1,0,-0.0141000193240775,0.18697970524945012,-0.019183611449275786,0.07259052903153755,8760
eth,1,1,1,-0.00011693123548190722,0.991269739319322,0.004146489292349784,0.698005477738831,8759
eth,1,1,2,-0.0018367708143825021,0.863541058819196,-0.012443835194584377,0.24425179946912273,8758
eth,1,1,4,0.007461800525801974,0.48509162809287015,0.006216793454813032,0.5608026633692198,8756
eth,1,1,6,0.0025213976761411516,0.8135290888713087,-0.003977735111091853,0.7098061768083117,8754
eth,1,1,12,0.009051553476764052,0.39727672426972493,0.0018561048172194069,0.8621969614305574,8748
eth,1,4,0,-0.012175173940806389,0.2545307468652122,-0.016963715869761153,0.11237580838713301,8760
eth,1,4,1,-0.002717925055676313,0.7992379267111221,-0.0038060925022923306,0.7217201035937948,8759
eth,1,4,2,-0.002052078441756995,0.8477305475278101,-0.006450659417083187,0.5461097274634741,8758
eth,1,4,4,0.006935654305508023,0.5163974558396895,0.007239831011876585,0.49817218689042775,8756
eth,1,4,6,-0.0032814157345932675,0.7588620427788119,-0.0026546235955902785,0.8038721101788777,8754
eth,1,4,12,-0.0010788639393095154,0.919635752141978,-0.010121373039764014,0.34386889083450844,8748
eth,1,6,0,-0.006358278131312281,0.5518278853384226,-0.004841182958670449,0.6505142559906005,8760
eth,1,6,1,-0.0007550196470386005,0.9436748362906363,-0.003567836275350752,0.7384810360568618,8759
eth,1,6,2,0.0007354450111539388,0.94513591609016,-0.0025282038926107983,0.8129931025168886,8758
eth,1,6,4,0.0004989320079648624,0.9627681495076728,0.00028440380898802443,0.9787717056641181,8756
eth,1,6,6,0.0037675143255904886,0.7245006957971197,0.007392156495554898,0.48922522334025287,8754
eth,1,6,12,-0.003138883319611995,0.7691087714365609,-0.01116025514771553,0.2966194424365993,8748
eth,1,12,0,-0.0015845140052910302,0.88212076098991,-0.001733596976956499,0.8711225674870199,8760
eth,1,12,1,0.0031454765522289795,0.7684962887589242,0.000845630919908795,0.9369284909885219,8759
eth,1,12,2,0.002064674815919022,0.8468073979630678,0.0030081587255932035,0.7783449177692414,8758
eth,1,12,4,0.003641623095765589,0.7333204788663111,0.003911215050324882,0.7144134058563991,8756
eth,1,12,6,0.00039773045202330724,0.9703195846147384,0.001069899791112464,0.9202740111294134,8754
eth,1,12,12,0.0024635332464607216,0.8177937661149958,-0.004863559494670592,0.6492315298261824,8748
eth,1,24,0,0.0004950019521542477,0.9630527792456175,-0.0010011420899358292,0.9253566714386009,8760
eth,1,24,1,0.0013889387901419835,0.8965888657889951,0.00020310884182875432,0.9848362007693886,8759
eth,1,24,2,0.0010844031558500046,0.91917853647314,0.0026366446962613715,0.8051299901521183,8758
eth,1,24,4,0.002100157892851764,0.8442256528197466,0.004650047431616172,0.6635178271130127,8756
eth,1,24,6,-0.0012800995755685072,0.9046790813164395,0.0031011094236275813,0.7717337799144011,8754
eth,1,24,12,-0.006146094932965903,0.5654454300219088,-0.002379358518157109,0.82391557778579,8748
eth,1,72,0,-0.011092800724970106,0.2992174322809144,-0.001359237517170047,0.8987824494098942,8760
eth,1,72,1,-0.011105721912565272,0.2986824408826725,-0.0017867931596457216,0.8672115844996443,8759
eth,1,72,2,-0.01147025328351313,0.2831291740376273,5.999933758038643e-05,0.9955205498012355,8758
eth,1,72,4,-0.009788103457898307,0.35977270738017203,0.002805595142670042,0.7929418484396051,8756
eth,1,72,6,-0.010032116573583896,0.34797589529791706,0.0032639194081458935,0.760108214664458,8754
eth,1,72,12,-0.010614820848678635,0.32085706248650514,0.0018261869808617122,0.864396471982625,8748
eth,1,168,0,-0.01013371977848671,0.3429496754990227,-0.0024891293456033407,0.8158104378935062,8760
eth,1,168,1,-0.009947113686878862,0.35193848203448513,-0.002253392323599737,0.8329933214772167,8759
eth,1,168,2,-0.009806006072715142,0.3588397483559525,-0.0020167428857395804,0.8503212929299593,8758
eth,1,168,4,-0.009160275204825694,0.39141469867187695,-0.0020191493740180626,0.8501617153846978,8756
eth,1,168,6,-0.00944714449602066,0.37680693301958035,-0.0007493577741563907,0.9441124596130528,8754
eth,1,168,12,-0.010118017419703189,0.34402890154975707,-7.818390952762113e-05,0.994166275731442,8748
eth,4,1,0,-0.013946743997414926,0.1918937562405931,-0.023442943959041954,0.028253251740036633,8757
eth,4,1,1,-0.003524050527960603,0.7416178210095975,-0.011419456400055936,0.2853217271074274,8756
eth,4,1,2,-0.0023305614908651403,0.8274014494929415,-0.005973890242844418,0.5762360611721031,8755
eth,4,1,4,0.007961979261574298,0.45638776967615735,0.008871579140804749,0.4065951659643434,8753
eth,4,1,6,-0.003437998784497468,0.7477794418953448,-0.0021692222142500927,0.8392170995563358,8751
eth,4,1,12,-0.0007350716030317787,0.9452043893141148,-0.011024619494484784,0.30261211117663456,8745
eth,4,4,0,-0.00879406739129946,0.4106006408961155,-0.012313488014540725,0.2492548564690885,8757
eth,4,4,1,0.0008011744701034353,0.9402481221802814,0.002103726354870422,0.843964367268489,8756
eth,4,4,2,0.002891328104576682,0.7867770178337838,0.006563084191536995,0.5392056659164512,8755
eth,4,4,4,0.0021639373460191473,0.8395854048035217,0.0065470163434001175,0.5402457826347232,8753
eth,4,4,6,0.0029912392413543993,0.7796451829074378,0.008681714024560945,0.416765422659946,8751
eth,4,4,12,-0.007408435494998825,0.4884927368372955,-0.017132772933163117,0.10914350304086266,8745
eth,4,6,0,-0.0036717975161885833,0.7311812168416426,-0.001420407001570767,0.8942715674730761,8757
eth,4,6,1,-0.000130320072692866,0.9902718225305928,0.0016131939185397251,0.8800303441876846,8756
eth,4,6,2,0.0007719269283526879,0.942428836276251,0.006129452483804387,0.5663433826463546,8755
eth,4,6,4,0.0053997196981778114,0.613477616358967,0.011451447516723267,0.28405678477204976,8753
eth,4,6,6,0.008187698997257912,0.4437737142606399,0.011509926964310368,0.28165969627320997,8751
eth,4,6,12,-0.004005370683178187,0.708025650059071,-0.012350658432271431,0.24815303810874093,8745
eth,4,12,0,0.0026908004469041883,0.8012215486093045,0.008088845808663555,0.44914023509370216,8757
eth,4,12,1,0.005415794586560744,0.6123609644932836,0.009493838950607235,0.37439826023823997,8756
eth,4,12,2,0.004687916154666927,0.6609662876993209,0.010376906828033779,0.3316301784327115,8755
eth,4,12,4,0.003482176833288277,0.7446225071736874,0.007490504913085989,0.48348874273551745,8753
eth,4,12,6,0.002606186809455415,0.8074120770569293,0.004575011015547559,0.6687103481969374,8751
eth,4,12,12,-0.00042623997670422495,0.9682095170500661,-0.0015137357036257933,0.8874462118078386,8745
eth,4,24,0,0.0013689283736160324,0.8980820963275274,0.011187535557291932,0.2951918542236702,8757
eth,4,24,1,0.0021538955373235948,0.8402927709899262,0.013470446373576101,0.20754167296232345,8756
eth,4,24,2,0.0013403026531532865,0.9002133805193842,0.013458907134165778,0.20795725296558437,8755
eth,4,24,4,-0.0008466213552289309,0.9368763657457084,0.012957109729362561,0.22546945708477004,8753
eth,4,24,6,-0.005775852692786309,0.5890317086395822,0.01283574014465125,0.22989860626764685,8751
eth,4,24,12,-0.014048867996574748,0.18896308371703105,0.002380916469058938,0.8238319008843993,8745
eth,4,72,0,-0.022645113229714433,0.034084322201727905,0.006390943205608622,0.5498547408799112,8757
eth,4,72,1,-0.02197142156206786,0.03979240121227873,0.008246550350669204,0.4403741647644912,8756
eth,4,72,2,-0.021575545524067423,0.04351521267645376,0.010263604497547462,0.33693709484958145,8755
eth,4,72,4,-0.0205586538998654,0.05443683921051245,0.013003940007018405,0.2237970272813061,8753
eth,4,72,6,-0.020432240876164437,0.055966449583121525,0.013200339209052368,0.21693226643437824,8751
eth,4,72,12,-0.02234530770649489,0.036655812236998105,0.009601720483446092,0.369295173023377,8745
eth,4,168,0,-0.02016550397284613,0.0591620712292423,0.0038946612141388566,0.7155539239455987,8757
eth,4,168,1,-0.01966778804753839,0.06572434994112118,0.004231144999508468,0.6922021911845732,8756
eth,4,168,2,-0.01936870784235036,0.06995444824348088,0.004598192921728718,0.6670608698573544,8755
eth,4,168,4,-0.01907634685831701,0.07431936896838949,0.005688565335036168,0.594631756048206,8753
eth,4,168,6,-0.019412286914121793,0.06939052943600395,0.00643584984456376,0.5471919382791939,8751
eth,4,168,12,-0.020973849857482428,0.04984418562807761,0.007566520918663702,0.47926205679894807,8745
eth,6,1,0,-0.007659784997425891,0.47360851333334986,-0.013501217038875215,0.20653125931763044,8755
eth,6,1,1,-0.0012933095805980062,0.9037001808317212,-0.0025574324054134013,0.8109142213039198,8754
eth,6,1,2,0.000838739826958791,0.9374627979889464,-0.003483695037010673,0.744515048871164,8753
eth,6,1,4,0.0006944136376926134,0.9482131034341644,0.003140794015039847,0.7689337221790892,8751
eth,6,1,6,0.0050147574795157005,0.6390719724860906,0.006990417697148663,0.5132594197297098,8749
eth,6,1,12,-0.003145231320235485,0.7687193755650261,-0.005153870968034763,0.6299182605234339,8743
eth,6,4,0,-0.0038982279595678564,0.7153358734469488,-0.0034532815214300618,0.7466407040156333,8755
eth,6,4,1,-0.0002474639917374613,0.9815305254227115,0.0027537188920771266,0.7967083879960315,8754
eth,6,4,2,0.0007578243175141027,0.9434852946634442,0.00605341512323993,0.5712126287041638,8753
eth,6,4,4,0.006149295902927107,0.5651762672216012,0.013146523497213795,0.2188123160840998,8751
eth,6,4,6,0.008585622597680136,0.42199460890286566,0.012782965662025454,0.2318735333201103,8749
eth,6,4,12,-0.004189868153463899,0.6952686726839467,-0.006443801920710564,0.5468803405277674,8743
eth,6,6,0,-0.002439354421311072,0.8194801527094774,0.0037810887013044626,0.7235335555079982,8755
eth,6,6,1,0.0018131545743553113,0.8653091841269055,0.0071089358423381795,0.5060214192246186,8754
eth,6,6,2,0.004707720305810748,0.6596605076376987,0.01013347836869484,0.34315413275429785,8753
eth,6,6,4,0.007155138624703225,0.5033340212686402,0.013966466478265866,0.191418252277866,8751
eth,6,6,6,0.009699602852878634,0.3643250355129366,0.007704584602739486,0.47117754062918016,8749
eth,6,6,12,0.001356168196806504,0.8991073287855464,-0.0013762449850757044,0.8976218708051626,8743
eth,6,12,0,0.004372466578550801,0.6824903625313371,0.010267618523037701,0.33674815590383445,8755
eth,6,12,1,0.0053178900724143285,0.6188441024746328,0.01162009553533557,0.2769969172396619,8754
eth,6,12,2,0.004755788317228023,0.6564075692555439,0.012418368929584372,0.2453532714263932,8753
eth,6,12,4,0.004353454729697146,0.6838644621548734,0.011187175652650486,0.2953729304705267,8751
eth,6,12,6,0.006784025945963724,0.5257755155979004,0.009152658597945895,0.3919980577112221,8749
eth,6,12,12,-0.0009445861404145762,0.9296303040766883,0.004407069038002611,0.680323509752125,8743
eth,6,24,0,0.002097581373846168,0.8444230919999864,0.01887295957226666,0.07742720039116328,8755
eth,6,24,1,0.0013950060953632124,0.8961691772998789,0.019374643752987027,0.06988467287549077,8754
eth,6,24,2,-4.7618795216598656e-05,0.9964458687338692,0.021347590623595526,0.04580684065095866,8753
eth,6,24,4,-0.0035686242346401405,0.7385405355098786,0.02196083932352616,0.03994472461248543,8751
eth,6,24,6,-0.007551279979569985,0.4800473890341497,0.020088602949713413,0.06025398816950529,8749
eth,6,24,12,-0.01896469967481717,0.07619865496243816,0.0022248898151010564,0.8352237881684008,8743
eth,6,72,0,-0.026271729816008962,0.013960793169814367,0.015167742214747537,0.15587083541690622,8755
eth,6,72,1,-0.02581611663679688,0.015714221579877116,0.017160690942993842,0.10838569350216573,8754
eth,6,72,2,-0.02548310121376686,0.017117176590462725,0.01959411077110886,0.06678925248451452,8753
eth,6,72,4,-0.024452846091309842,0.022166640831219542,0.022734769898539797,0.03344206124413795,8751
eth,6,72,6,-0.024400152654185457,0.02247113177684694,0.02147401927576688,0.04458590007794055,8749
eth,6,72,12,-0.026103139195543766,0.0146541560738109,0.019458329359985833,0.0688589760273545,8743
eth,6,168,0,-0.023626360429797426,0.027058842629455817,0.01027541861030523,0.3363812030489427,8755
eth,6,168,1,-0.023332366320538648,0.029033803439967858,0.011031472951721973,0.3020629119086601,8754
eth,6,168,2,-0.023179871187170988,0.030110655641227634,0.011501357406257268,0.2819631284739108,8753
eth,6,168,4,-0.022998258229101076,0.03144541468180298,0.012552954931573608,0.2403281329172383,8751
eth,6,168,6,-0.02331602851338594,0.02919266594050123,0.013383641641374316,0.2106680139424805,8749
eth,6,168,12,-0.024981220380985287,0.019497766839144386,0.014701554967093352,0.16927655835545885,8743
eth,12,1,0,-0.001484011575226076,0.8896169796357155,-0.0024327819409858346,0.8200188500354788,8749
eth,12,1,1,0.004813784891797488,0.652584152972878,0.007059735486495841,0.5091151108658081,8748
eth,12,1,2,0.00343404792462435,0.7481151016980346,0.006351141559990733,0.5525695422970908,8747
eth,12,1,4,0.005347946059478003,0.6170443199374448,0.009712336917919086,0.3638053667534159,8745
eth,12,1,6,0.001573322805390254,0.8830601548126857,0.003769246572033787,0.7245454023483617,8743
eth,12,1,12,0.004526155434633668,0.6722879088186894,0.0027735998595306943,0.7954677291722738,8737
eth,12,4,0,0.004245422620694492,0.6913340707728304,0.012350570162845177,0.24804824041027793,8749
eth,12,4,1,0.0072385797356526544,0.4984428397207838,0.017115103678023384,0.10944851026967178,8748
eth,12,4,2,0.006218675577125594,0.5608855905881671,0.014773977305531538,0.1670884015223685,8747
eth,12,4,4,0.005397508092856523,0.6137850866243906,0.009424659738354253,0.3781890939207059,8745
eth,12,4,6,0.004259673060248349,0.6904522716206353,0.006820038483791267,0.5237229054228869,8743
eth,12,4,12,0.0009437034360092729,0.9297199652944458,-0.0007982204415682048,0.9405325487869242,8737
eth,12,6,0,0.005879070977621885,0.5824349599376395,0.016327080100710666,0.126747387046275,8749
eth,12,6,1,0.00691628131246063,0.5177612435518907,0.01529283706724375,0.15265111664198147,8748
eth,12,6,2,0.0062672553908728725,0.5578287859511761,0.012040141555130236,0.26019138132877917,8747
eth,12,6,4,0.005912914633734092,0.5803522559548084,0.009032380795065216,0.398358278080866,8745
eth,12,6,6,0.008825073986416163,0.40932737032565064,0.011316921757306506,0.29002801993010396,8743
eth,12,6,12,0.00013893657175634505,0.9896399115534119,0.002411552189506368,0.8216832868453522,8737
eth,12,12,0,0.008960480863286598,0.40201643500213585,0.020350927057058033,0.05697908069792244,8749
eth,12,12,1,0.010209841185625103,0.33966748584413836,0.022173887941111255,0.03808870804246002,8748
eth,12,12,2,0.009239035101383174,0.3875992189605397,0.021389913877243354,0.04545243339008546,8747
eth,12,12,4,0.007491884097936739,0.48360823212245824,0.01827455427685109,0.08748097217459622,8745
eth,12,12,6,0.005516674236187562,0.6060211093954683,0.01575540316215075,0.14073103752758126,8743
eth,12,12,12,-0.013436354865792748,0.2091888956673148,0.0032102023640603458,0.7641606632376732,8737
eth,12,24,0,-0.0024990213018637637,0.8152057404793658,0.0378306108642927,0.00040120687848344916,8749
eth,12,24,1,-0.0044986050546930185,0.6739742498851429,0.0388414908246785,0.0002793580513827936,8748
eth,12,24,2,-0.0066844705359130644,0.5319150088710971,0.03923783571923843,0.00024195980649712728,8747
eth,12,24,4,-0.011353030886751794,0.2884364916062473,0.03377323928149929,0.0015845056686376463,8745
eth,12,24,6,-0.017402369267243915,0.10371971256139237,0.026459330145434324,0.013356001399803318,8743
eth,12,24,12,-0.03452780665517371,0.0012471082838909676,0.007185941384308222,0.5018407273972454,8737
eth,12,72,0,-0.03419356862823748,0.0013799558341587154,0.033323945815724565,0.0018244643335602188,8749
eth,12,72,1,-0.034046070547853115,0.001448428278699629,0.03440361544051701,0.001289580139188359,8748
eth,12,72,2,-0.03388516993155019,0.0015265878613686427,0.035668200493961695,0.0008485035821681235,8747
eth,12,72,4,-0.033971793041324916,0.001486403083594274,0.03684314904240292,0.0005688375172005076,8745
eth,12,72,6,-0.034017110987230856,0.0014666525787266683,0.036272591061849706,0.0006931760676718062,8743
eth,12,72,12,-0.035088211025075644,0.001036955605130756,0.03366551191672622,0.0016482983547320446,8737
eth,12,168,0,-0.03165786093217242,0.0030617268421466743,0.016329283979037525,0.12669613650433886,8749
eth,12,168,1,-0.0316343693695401,0.003085351332330944,0.017077453861530964,0.11023112290494595,8748
eth,12,168,2,-0.03177199747235404,0.0029604574867593144,0.017716226126098383,0.0975578318620939,8747
eth,12,168,4,-0.03204477075584366,0.002726520313918638,0.01847551752085338,0.08405403623999402,8745
eth,12,168,6,-0.03253415628740683,0.0023466510414297853,0.019004626507566475,0.07558219585437516,8743
eth,12,168,12,-0.034177800411471615,0.0013976255422254009,0.02112918885323229,0.04827680244720127,8737
eth,24,1,0,0.0022442334012308007,0.8338682182875291,-0.001368473419919233,0.8982315952287317,8737
eth,24,1,1,0.004087155891306624,0.702491494802841,-0.00033141047510541375,0.975292372750428,8736
eth,24,1,2,0.0033682006845364956,0.7529499641796054,0.003549791742798497,0.7400996105924184,8735
eth,24,1,4,0.0035940773004741436,0.7370055474995832,0.002563722348453756,0.8106812317057419,8733
eth,24,1,6,-0.0010779477056783943,0.9197815875835278,-0.001479624961681043,0.890053769238642,8731
eth,24,1,12,-0.009290487824416232,0.38555991816731117,-0.01257771673465418,0.24010121941424895,8725
eth,24,4,0,0.0045054387798873444,0.673701120298161,0.005917405647770283,0.5802380913733931,8737
eth,24,4,1,0.005096996171865229,0.633836674002077,0.0076254121213664055,0.47607505211236034,8736
eth,24,4,2,0.0034972783727239415,0.7438084701880222,0.007100235602711333,0.5070039198897082,8735
eth,24,4,4,0.00018343313095071147,0.9863253525013665,-0.00022767941223351395,0.9830273119093764,8733
eth,24,4,6,-0.0065100693903417444,0.5430421929992408,-0.004540326540897654,0.6714281726012858,8731
eth,24,4,12,-0.01788167276043437,0.09488369847573316,-0.016209379931527365,0.13003508232681604,8725
eth,24,6,0,0.004830783656079133,0.6516431640465058,0.007505077633417253,0.4830387428441477,8737
eth,24,6,1,0.0037068188375480224,0.7290306578671694,0.005752387753538012,0.5908646428370083,8736
eth,24,6,2,0.0014490044675882032,0.8922905499334166,0.004456544741027696,0.6770759359756087,8735
eth,24,6,4,-0.0036393340411881954,0.7338187935828064,-0.0033952526496056432,0.7510587483353329,8733
eth,24,6,6,-0.009335379202224398,0.3831045897451196,-0.005229465647344577,0.6251435308131097,8731
eth,24,6,12,-0.02358296136905528,0.027607360497438456,-0.019614618802470923,0.0669409435771519,8725
eth,24,12,0,-0.002785062895854562,0.7946412916995658,0.008962196462462874,0.402249392874377,8737
eth,24,12,1,-0.0051981069291051766,0.6271210343198603,0.00846699801668624,0.42877932431799004,8736
eth,24,12,2,-0.007816579487173372,0.46511291777872593,0.00865700321758444,0.41851890495403865,8735
eth,24,12,4,-0.013373171192090513,0.21144321567976976,0.00120969425847618,0.910006438985288,8733
eth,24,12,6,-0.02025882349461602,0.058370632008012555,-0.004044522873078266,0.7055294533396713,8731
eth,24,12,12,-0.039934507387575494,0.00019061172753952264,-0.009812465583564835,0.3594305724758122,8725
eth,24,24,0,-0.0256958245758684,0.016310568252746547,0.027293515941491365,0.010732572381422337,8737
eth,24,24,1,-0.02907760263088598,0.006568387528036579,0.026452521629902748,0.013416971272963868,8736
eth,24,24,2,-0.032937115138371637,0.0020787958789993755,0.024612018149960804,0.021431880218777594,8735
eth,24,24,4,-0.04091739649190756,0.00013087488956535677,0.016421840007589155,0.12490342229008132,8733
eth,24,24,6,-0.048968474029819915,4.701241936796403e-06,0.00940170576246915,0.3797335594655695,8731
eth,24,24,12,-0.06554346038696336,8.900347129220992e-10,-0.010196855914148744,0.34091786765897425,8725
eth,24,72,0,-0.04908119695044325,4.436209562340431e-06,0.03314248516319824,0.0019463455433364047,8737
eth,24,72,1,-0.04892034038433219,4.773561779878902e-06,0.03334693530636679,0.0018255003726271569,8736
eth,24,72,2,-0.04887608583377085,4.875002905095426e-06,0.03408437791083232,0.0014423596109101255,8735
eth,24,72,4,-0.048518583675590345,5.730147916474034e-06,0.03287611880453009,0.00212144986507288,8733
eth,24,72,6,-0.04829131794720902,6.352032726624972e-06,0.03129661989036897,0.0034484582828369775,8731
eth,24,72,12,-0.04673703327874877,1.2575723935556183e-05,0.027930741973691227,0.00907855435403616,8725
eth,24,168,0,-0.04662732050045376,1.3000719026615098e-05,0.01608788088415952,0.13267221196107612,8737
eth,24,168,1,-0.04685833697908316,1.1788232694132481e-05,0.016700123238643567,0.11857360525704701,8736
eth,24,168,2,-0.0471185999960753,1.0550189546035376e-05,0.017150646446142878,0.10897686190025749,8735
eth,24,168,4,-0.04743678735928728,9.21344893628781e-06,0.01783066332022979,0.09567782392956307,8733
eth,24,168,6,-0.04791950917923976,7.481019051474488e-06,0.018428948946391677,0.08508811673108944,8731
eth,24,168,12,-0.04876288515176714,5.1917204800641386e-06,0.020265651902403262,0.05837233124310001,8725
eth,72,1,0,-0.015419127010391904,0.1506698160409715,-0.020113798668487778,0.060816976193925135,8689
eth,72,1,1,-0.014977893095997251,0.1627270009816838,-0.01876055443781267,0.08036657501949268,8688
eth,72,1,2,-0.015974994180751424,0.1365360061472659,-0.01779465612059985,0.0972312837752541,8687
eth,72,1,4,-0.011731353184691793,0.27432165809407144,-0.012792612354960452,0.2332363308629441,8685
eth,72,1,6,-0.011514996922178946,0.283325575815487,-0.013391182596461496,0.2121403104487434,8683
eth,72,1,12,-0.011912761868170002,0.26718944281740287,-0.01768590070548652,0.0994880790654645,8677
eth,72,4,0,-0.02723150225486931,0.011133366815072529,-0.026978021323380775,0.011908408215476174,8689
eth,72,4,1,-0.02562672826543396,0.01690802908157863,-0.023024127854470094,0.03186964651703769,8688
eth,72,4,2,-0.02445681268093804,0.022638098793713035,-0.02055691121701841,0.05537595911429194,8687
eth,72,4,4,-0.02138102260616031,0.04631512732663392,-0.016940708739370626,0.11441695873294182,8685
eth,72,4,6,-0.02070035099301841,0.05375050240169021,-0.0160389130509701,0.1350635705728849,8683
eth,72,4,12,-0.02242948819089478,0.03668270906291139,-0.022036426096119346,0.0401059755029302,8677
eth,72,6,0,-0.029482642963642246,0.005988308977666978,-0.022434924091104525,0.03650750471246383,8689
eth,72,6,1,-0.028198867593588885,0.008575096466150033,-0.019854879310320334,0.06423023914018593,8688
eth,72,6,2,-0.027348183345841798,0.010800995992792778,-0.017654101512612316,0.09990266914795257,8687
eth,72,6,4,-0.024396654326010042,0.02298902425099727,-0.013531681634500716,0.20733085419535785,8685
eth,72,6,6,-0.024533658260593397,0.022246923053244685,-0.012389359564208013,0.24835628273751698,8683
eth,72,6,12,-0.02526204066272171,0.018612315257385496,-0.015899153579309655,0.13863508959676452,8677
eth,72,12,0,-0.03381090285054553,0.0016208715948069572,-0.0018683741782093964,0.8617591853484164,8689
eth,72,12,1,-0.03309255595778278,0.002035934188086346,3.268646624946341e-08,0.999997569445042,8688
eth,72,12,2,-0.03234909943293671,0.002566209062544433,0.0021064772331838223,0.8443720494856292,8687
eth,72,12,4,-0.031522679998269076,0.0033032497701383084,0.0027324893999700842,0.7990215108038754,8685
eth,72,12,6,-0.031238224247264784,0.0036010017744023946,0.003812579657024493,0.7224275608998229,8683
eth,72,12,12,-0.03327902589586633,0.0019328086726734407,0.0002209513994893275,0.9835816920396807,8677
eth,72,24,0,-0.041554523130436546,0.00010679426671979829,0.028417026740848308,0.00807204292620277,8689
eth,72,24,1,-0.04124896456282676,0.00012012226537351983,0.02888854855352608,0.007084200683469057,8688
eth,72,24,2,-0.041128002825850135,0.00012588744357396416,0.029195240922644625,0.006502494337887789,8687
eth,72,24,4,-0.04060730098089295,0.00015349434827615117,0.028403298755325424,0.008117297425105592,8685
eth,72,24,6,-0.04043390167903611,0.0001640766785396324,0.027060353012397304,0.01168048008523718,8683
eth,72,24,12,-0.03885083613892307,0.00029481177218170483,0.019528846511199214,0.06890661636251345,8677
eth,72,72,0,-0.034678346925996376,0.001224792706142518,0.07508774806507984,2.414422595447482e-12,8689
eth,72,72,1,-0.034150230849343384,0.001454586385605151,0.07570514492474538,1.5996990568793518e-12,8688
eth,72,72,2,-0.03365332190926515,0.0017064889438853238,0.07653134170696861,9.165978831225105e-13,8687
eth,72,72,4,-0.03268129654077484,0.002318656881785422,0.07699824337381914,6.703043202445158e-13,8685
eth,72,72,6,-0.032458053857113894,0.002487253004794015,0.0753058926635154,2.1228317367457914e-12,8683
eth,72,72,12,-0.03258356981923902,0.0024010396481972257,0.06762377246141837,2.8727716253179195e-10,8677
eth,72,168,0,-0.03505760598049814,0.001081488287726353,0.044628247180407594,3.161803336243317e-05,8689
eth,72,168,1,-0.03404851856425633,0.0015029826489516937,0.044959406579586705,2.763135276978997e-05,8688
eth,72,168,2,-0.03305171483099551,0.0020633923294026938,0.04522150999942785,2.4825584693570606e-05,8687
eth,72,168,4,-0.030952571569316044,0.003916005355957785,0.04522501993612401,2.484297324529665e-05,8685
eth,72,168,6,-0.02926476166883291,0.006388234194472996,0.044865583834963176,2.8870632270664047e-05,8683
eth,72,168,12,-0.023761111809754196,0.02687345344754463,0.04322992324560602,5.620833559524051e-05,8677
eth,168,1,0,-0.006277896740138154,0.560652712796146,-0.008747758171276758,0.4174799352961108,8593
eth,168,1,1,-0.006150765765439006,0.5686399683708104,-0.007911967345102517,0.4633821258776719,8592
eth,168,1,2,-0.005943263869639339,0.581776369404439,-0.007871505185655762,0.4656980477920093,8591
eth,168,1,4,-0.0024390907107769175,0.8211899875715969,-0.0033880810442833116,0.7535575665703975,8589
eth,168,1,6,-0.0032157652545788465,0.7657415483835767,-0.0038307025087513957,0.7226452087650573,8587
eth,168,1,12,-0.0007489516138202484,0.9446966582977913,-0.0004850932468096049,0.9641635568418625,8581
eth,168,4,0,-0.01070335194307385,0.32116432720348725,-0.0026065295403213413,0.8091006059816226,8593
eth,168,4,1,-0.00898205621287402,0.40514383544660565,-0.00045348265959841436,0.9664759198800066,8592
eth,168,4,2,-0.0070835229817920505,0.5115231917220966,0.0011517056888169068,0.915000489984791,8591
eth,168,4,4,-0.004549138994616047,0.6733602775913505,0.004439383975559246,0.6808010255935313,8589
eth,168,4,6,-0.004199248469217513,0.6972222145800602,0.005286756433308452,0.62425064041671,8587
eth,168,4,12,-0.0006962008697187842,0.94858622722868,0.005360282387792622,0.6195600609343836,8581
eth,168,6,0,-0.009850417313151612,0.3612385510041699,0.0029103966491908404,0.7873521759193759,8593
eth,168,6,1,-0.008766986731658868,0.4164841112334899,0.00505286848942895,0.6395696430390627,8592
eth,168,6,2,-0.007505098670664064,0.48671788423813,0.00630379407866929,0.5590826483927038,8591
eth,168,6,4,-0.004782771082997867,0.6576281538693255,0.009184201928991617,0.3947376666188729,8589
eth,168,6,6,-0.004454163535076107,0.6798324505411664,0.009944989213460728,0.3568146666613228,8587
eth,168,6,12,-0.002465677288646957,0.8193571704348934,0.009607691694412787,0.3735266785749748,8581
eth,168,12,0,-0.008909132924672433,0.4089408566666452,0.02042448056618313,0.058326034914426346,8593
eth,168,12,1,-0.007718263898250777,0.4744014972776711,0.021972073398020413,0.041689356701839014,8592
eth,168,12,2,-0.006383507385351596,0.5541236885596638,0.023730679184764066,0.027840223737680615,8591
eth,168,12,4,-0.004078903798564148,0.7054554496569709,0.024984526602848514,0.020584937554563715,8589
eth,168,12,6,-0.004328166417585758,0.6884071291272187,0.026157506212447154,0.015351659140908427,8587
eth,168,12,12,-0.004886409755147361,0.6508491053008879,0.026115360183951615,0.015553733754184075,8581
eth,168,24,0,-0.008595810422292266,0.42561542054934304,0.05097909546155507,2.2666494201171685e-06,8593
eth,168,24,1,-0.008367610548128483,0.4380324510249243,0.05160909762167248,1.6988591353625547e-06,8592
eth,168,24,2,-0.008112211772786423,0.45216846435663394,0.05260871470988955,1.067077988417723e-06,8591
eth,168,24,4,-0.007442999928342044,0.49038097664151675,0.05382798678395173,5.991175664857204e-07,8589
eth,168,24,6,-0.007646750996639666,0.4786338546969306,0.05367448849155073,6.468843071828572e-07,8587
eth,168,24,12,-0.00934974987554298,0.3864931463636717,0.047537376814522345,1.0558325912162913e-05,8581
eth,168,72,0,0.018600740325512767,0.08467935212695053,0.09465385020253195,1.459642808203578e-18,8593
eth,168,72,1,0.020787409076967852,0.054007550422161384,0.09520210050478109,9.286602484241115e-19,8592
eth,168,72,2,0.02296002926445751,0.03333029014599415,0.09595969042463445,4.942012278480282e-19,8591
eth,168,72,4,0.02740676393216075,0.011082705812582503,0.09630852448261704,3.7171040303264605e-19,8589
eth,168,72,6,0.03102063862819192,0.004042400851938628,0.09604397958599419,4.690454373756794e-19,8587
eth,168,72,12,0.041789722641388444,0.00010782922615339061,0.09405330396199178,2.533405735689564e-18,8581
eth,168,168,0,0.0583200265597366,6.302702520047075e-08,0.09316394575326903,4.9846908155607596e-18,8593
eth,168,168,1,0.05941414893111768,3.561003247229802e-08,0.09356997406311919,3.589596290406362e-18,8592
eth,168,168,2,0.060512193146467316,1.987789257135631e-08,0.093933933550997,2.6725579556654432e-18,8591
eth,168,168,4,0.06269244603288121,6.062893884852556e-09,0.09468453097320984,1.449089683163204e-18,8589
eth,168,168,6,0.06441708581163023,2.3063478203499464e-09,0.09534382328585597,8.44173386221174e-19,8587
eth,168,168,12,0.0695790517804785,1.1020485118798242e-10,0.09624774181392547,4.0631769513169697e-19,8581
